Driver,Team,LapTime,Sector1Time,Sector2Time,Sector3Time,Compound,TyreLife,SpeedI1,SpeedI2,SpeedFL,SpeedST,IsPersonalBest,LapNumber,AirTemp,TrackTemp,Humidity,WindSpeed,Year,LapTimeSeconds,S1Seconds,S2Seconds,S3Seconds,TeamTier
VER,Red Bull Racing,0 days 00:01:06.097000,0 days 00:00:16.739000,0 days 00:00:29.389000,0 days 00:00:19.969000,SOFT,2.0,314.0,243.0,284.0,319.0,True,2.0,19.0010101010101,35.94949494949495,34.43434343434343,1.5080808080808081,2022,66.097,16.739,29.389,19.969,1.0
VER,Red Bull Racing,0 days 00:01:05.852000,0 days 00:00:16.543000,0 days 00:00:29.356000,0 days 00:00:19.953000,SOFT,5.0,316.0,242.0,283.0,316.0,True,5.0,19.0010101010101,35.94949494949495,34.43434343434343,1.5080808080808081,2022,65.852,16.543,29.356,19.953,1.0
VER,Red Bull Racing,0 days 00:01:05.568000,0 days 00:00:16.582000,0 days 00:00:29.115000,0 days 00:00:19.871000,SOFT,2.0,315.0,245.0,282.0,317.0,True,8.0,19.0010101010101,35.94949494949495,34.43434343434343,1.5080808080808081,2022,65.568,16.582,29.115,19.871,1.0
VER,Red Bull Racing,0 days 00:01:05.374000,0 days 00:00:16.595000,0 days 00:00:29.039000,0 days 00:00:19.740000,SOFT,2.0,316.0,243.0,283.0,316.0,True,11.0,19.0010101010101,35.94949494949495,34.43434343434343,1.5080808080808081,2022,65.374,16.595,29.039,19.74,1.0
VER,Red Bull Racing,0 days 00:01:05.092000,0 days 00:00:16.421000,0 days 00:00:28.903000,0 days 00:00:19.768000,SOFT,2.0,316.0,248.0,284.0,319.0,True,14.0,19.0010101010101,35.94949494949495,34.43434343434343,1.5080808080808081,2022,65.092,16.421,28.903,19.768,1.0
VER,Red Bull Racing,0 days 00:01:04.984000,0 days 00:00:16.478000,0 days 00:00:28.959000,0 days 00:00:19.547000,SOFT,2.0,316.0,247.0,285.0,316.0,True,17.0,19.0010101010101,35.94949494949495,34.43434343434343,1.5080808080808081,2022,64.984,16.478,28.959,19.547,1.0
PER,Red Bull Racing,0 days 00:01:06.806000,0 days 00:00:16.906000,0 days 00:00:29.607000,0 days 00:00:20.293000,SOFT,2.0,311.0,240.0,282.0,316.0,True,2.0,19.0010101010101,35.94949494949495,34.43434343434343,1.5080808080808081,2022,66.806,16.906,29.607,20.293,1.0
PER,Red Bull Racing,0 days 00:01:06.143000,0 days 00:00:16.667000,0 days 00:00:29.332000,0 days 00:00:20.144000,SOFT,5.0,314.0,243.0,282.0,318.0,True,5.0,19.0010101010101,35.94949494949495,34.43434343434343,1.5080808080808081,2022,66.143,16.667,29.332,20.144,1.0
PER,Red Bull Racing,0 days 00:01:06.509000,0 days 00:00:16.707000,0 days 00:00:29.659000,0 days 00:00:20.143000,SOFT,8.0,312.0,241.0,285.0,319.0,False,8.0,19.0010101010101,35.94949494949495,34.43434343434343,1.5080808080808081,2022,66.509,16.707,29.659,20.143,1.0
PER,Red Bull Racing,0 days 00:01:06.458000,0 days 00:00:16.637000,0 days 00:00:29.792000,0 days 00:00:20.029000,SOFT,2.0,316.0,239.0,281.0,320.0,True,11.0,19.0010101010101,35.94949494949495,34.43434343434343,1.5080808080808081,2022,66.458,16.637,29.792,20.029,1.0
PER,Red Bull Racing,0 days 00:01:06.273000,0 days 00:00:16.734000,0 days 00:00:29.449000,0 days 00:00:20.090000,SOFT,5.0,314.0,236.0,281.0,315.0,True,14.0,19.0010101010101,35.94949494949495,34.43434343434343,1.5080808080808081,2022,66.273,16.734,29.449,20.09,1.0
PER,Red Bull Racing,0 days 00:01:05.805000,0 days 00:00:16.596000,0 days 00:00:29.318000,0 days 00:00:19.891000,SOFT,2.0,318.0,239.0,283.0,318.0,True,17.0,19.0010101010101,35.94949494949495,34.43434343434343,1.5080808080808081,2022,65.805,16.596,29.318,19.891,1.0
PER,Red Bull Racing,0 days 00:01:05.404000,0 days 00:00:16.455000,0 days 00:00:29.113000,0 days 00:00:19.836000,SOFT,2.0,318.0,249.0,282.0,320.0,True,20.0,19.0010101010101,35.94949494949495,34.43434343434343,1.5080808080808081,2022,65.404,16.455,29.113,19.836,1.0
PER,Red Bull Racing,0 days 00:01:05.505000,0 days 00:00:16.540000,0 days 00:00:29.156000,0 days 00:00:19.809000,SOFT,2.0,317.0,240.0,285.0,317.0,False,23.0,19.0010101010101,35.94949494949495,34.43434343434343,1.5080808080808081,2022,65.505,16.54,29.156,19.809,1.0
ALO,Alpine,0 days 00:01:06.716000,0 days 00:00:16.770000,0 days 00:00:29.596000,0 days 00:00:20.350000,SOFT,2.0,307.0,244.0,282.0,314.0,True,2.0,19.0010101010101,35.94949494949495,34.43434343434343,1.5080808080808081,2022,66.716,16.77,29.596,20.35,6.0
ALO,Alpine,0 days 00:01:06.199000,0 days 00:00:16.762000,0 days 00:00:29.340000,0 days 00:00:20.097000,SOFT,4.0,310.0,245.0,283.0,316.0,True,4.0,19.0010101010101,35.94949494949495,34.43434343434343,1.5080808080808081,2022,66.199,16.762,29.34,20.097,6.0
ALO,Alpine,0 days 00:01:06.016000,0 days 00:00:16.704000,0 days 00:00:29.243000,0 days 00:00:20.069000,SOFT,2.0,311.0,245.0,283.0,318.0,True,7.0,19.0010101010101,35.94949494949495,34.43434343434343,1.5080808080808081,2022,66.016,16.704,29.243,20.069,6.0
ALO,Alpine,0 days 00:01:06.082000,0 days 00:00:16.696000,0 days 00:00:29.383000,0 days 00:00:20.003000,SOFT,2.0,310.0,247.0,280.0,313.0,True,10.0,19.0010101010101,35.94949494949495,34.43434343434343,1.5080808080808081,2022,66.082,16.696,29.383,20.003,6.0
ALO,Alpine,0 days 00:01:06.100000,0 days 00:00:16.674000,0 days 00:00:29.425000,0 days 00:00:20.001000,SOFT,2.0,315.0,241.0,282.0,314.0,False,13.0,19.0010101010101,35.94949494949495,34.43434343434343,1.5080808080808081,2022,66.1,16.674,29.425,20.001,6.0
ALO,Alpine,0 days 00:01:06.103000,0 days 00:00:16.783000,0 days 00:00:29.261000,0 days 00:00:20.059000,SOFT,2.0,309.0,247.0,280.0,313.0,True,18.0,19.0010101010101,35.94949494949495,34.43434343434343,1.5080808080808081,2022,66.103,16.783,29.261,20.059,6.0
ALO,Alpine,0 days 00:01:06.229000,0 days 00:00:16.777000,0 days 00:00:29.360000,0 days 00:00:20.092000,SOFT,4.0,311.0,244.0,276.0,314.0,False,21.0,19.0010101010101,35.94949494949495,34.43434343434343,1.5080808080808081,2022,66.229,16.777,29.36,20.092,6.0
LEC,Ferrari,0 days 00:01:06.762000,0 days 00:00:16.923000,0 days 00:00:29.691000,0 days 00:00:20.148000,SOFT,8.0,309.0,246.0,283.0,313.0,True,2.0,19.0010101010101,35.94949494949495,34.43434343434343,1.5080808080808081,2022,66.762,16.923,29.691,20.148,2.0
LEC,Ferrari,0 days 00:01:06.200000,0 days 00:00:16.789000,0 days 00:00:29.445000,0 days 00:00:19.966000,SOFT,10.0,309.0,245.0,283.0,314.0,True,4.0,19.0010101010101,35.94949494949495,34.43434343434343,1.5080808080808081,2022,66.2,16.789,29.445,19.966,2.0
LEC,Ferrari,0 days 00:01:05.419000,0 days 00:00:16.698000,0 days 00:00:29.069000,0 days 00:00:19.652000,SOFT,2.0,315.0,245.0,285.0,316.0,True,7.0,19.0010101010101,35.94949494949495,34.43434343434343,1.5080808080808081,2022,65.419,16.698,29.069,19.652,2.0
LEC,Ferrari,0 days 00:01:05.774000,0 days 00:00:16.745000,0 days 00:00:29.185000,0 days 00:00:19.844000,SOFT,5.0,312.0,249.0,280.0,316.0,True,10.0,19.0010101010101,35.94949494949495,34.43434343434343,1.5080808080808081,2022,65.774,16.745,29.185,19.844,2.0
LEC,Ferrari,0 days 00:01:06.499000,0 days 00:00:16.779000,0 days 00:00:29.322000,0 days 00:00:20.398000,SOFT,7.0,311.0,246.0,281.0,316.0,False,12.0,19.0010101010101,35.94949494949495,34.43434343434343,1.5080808080808081,2022,66.499,16.779,29.322,20.398,2.0
LEC,Ferrari,0 days 00:01:05.287000,0 days 00:00:16.611000,0 days 00:00:28.991000,0 days 00:00:19.685000,SOFT,2.0,312.0,245.0,285.0,313.0,True,15.0,19.0010101010101,35.94949494949495,34.43434343434343,1.5080808080808081,2022,65.287,16.611,28.991,19.685,2.0
LEC,Ferrari,0 days 00:01:05.496000,0 days 00:00:16.628000,0 days 00:00:29.212000,0 days 00:00:19.656000,SOFT,4.0,314.0,245.0,282.0,314.0,False,17.0,19.0010101010101,35.94949494949495,34.43434343434343,1.5080808080808081,2022,65.496,16.628,29.212,19.656,2.0
LEC,Ferrari,0 days 00:01:05.183000,0 days 00:00:16.704000,0 days 00:00:28.880000,0 days 00:00:19.599000,SOFT,2.0,313.0,252.0,283.0,318.0,True,20.0,19.0010101010101,35.94949494949495,34.43434343434343,1.5080808080808081,2022,65.183,16.704,28.88,19.599,2.0
LEC,Ferrari,0 days 00:01:05.013000,0 days 00:00:16.548000,0 days 00:00:28.920000,0 days 00:00:19.545000,SOFT,3.0,313.0,249.0,283.0,315.0,True,24.0,19.0010101010101,35.94949494949495,34.43434343434343,1.5080808080808081,2022,65.013,16.548,28.92,19.545,2.0
MAG,Haas F1 Team,0 days 00:01:06.651000,0 days 00:00:16.773000,0 days 00:00:29.567000,0 days 00:00:20.311000,SOFT,2.0,311.0,243.0,285.0,317.0,True,2.0,19.0010101010101,35.94949494949495,34.43434343434343,1.5080808080808081,2022,66.651,16.773,29.567,20.311,10.0
MAG,Haas F1 Team,0 days 00:01:06.388000,0 days 00:00:16.707000,0 days 00:00:29.476000,0 days 00:00:20.205000,SOFT,5.0,313.0,239.0,282.0,319.0,True,5.0,19.0010101010101,35.94949494949495,34.43434343434343,1.5080808080808081,2022,66.388,16.707,29.476,20.205,10.0
MAG,Haas F1 Team,0 days 00:01:06.366000,0 days 00:00:16.862000,0 days 00:00:29.303000,0 days 00:00:20.201000,SOFT,2.0,314.0,243.0,281.0,319.0,True,8.0,19.0010101010101,35.94949494949495,34.43434343434343,1.5080808080808081,2022,66.366,16.862,29.303,20.201,10.0
MAG,Haas F1 Team,0 days 00:01:06.153000,0 days 00:00:16.690000,0 days 00:00:29.317000,0 days 00:00:20.146000,SOFT,2.0,315.0,244.0,280.0,316.0,True,11.0,19.0010101010101,35.94949494949495,34.43434343434343,1.5080808080808081,2022,66.153,16.69,29.317,20.146,10.0
MAG,Haas F1 Team,0 days 00:01:05.894000,0 days 00:00:16.566000,0 days 00:00:29.152000,0 days 00:00:20.176000,SOFT,2.0,316.0,245.0,279.0,315.0,True,14.0,19.0010101010101,35.94949494949495,34.43434343434343,1.5080808080808081,2022,65.894,16.566,29.152,20.176,10.0
MAG,Haas F1 Team,0 days 00:01:06.424000,0 days 00:00:16.678000,0 days 00:00:29.617000,0 days 00:00:20.129000,SOFT,5.0,313.0,243.0,284.0,319.0,True,17.0,19.0010101010101,35.94949494949495,34.43434343434343,1.5080808080808081,2022,66.424,16.678,29.617,20.129,10.0
MAG,Haas F1 Team,0 days 00:01:05.879000,0 days 00:00:16.737000,0 days 00:00:29.133000,0 days 00:00:20.009000,SOFT,3.0,312.0,245.0,280.0,314.0,True,21.0,19.0010101010101,35.94949494949495,34.43434343434343,1.5080808080808081,2022,65.879,16.737,29.133,20.009,10.0
OCO,Alpine,0 days 00:01:07.298000,0 days 00:00:16.994000,0 days 00:00:29.848000,0 days 00:00:20.456000,SOFT,2.0,305.0,243.0,282.0,312.0,True,2.0,19.0010101010101,35.94949494949495,34.43434343434343,1.5080808080808081,2022,67.298,16.994,29.848,20.456,6.0
OCO,Alpine,0 days 00:01:06.595000,0 days 00:00:16.847000,0 days 00:00:29.483000,0 days 00:00:20.265000,SOFT,4.0,308.0,243.0,279.0,314.0,True,4.0,19.0010101010101,35.94949494949495,34.43434343434343,1.5080808080808081,2022,66.595,16.847,29.483,20.265,6.0
OCO,Alpine,0 days 00:01:06.548000,0 days 00:00:16.892000,0 days 00:00:29.450000,0 days 00:00:20.206000,SOFT,2.0,308.0,244.0,281.0,311.0,True,7.0,19.0010101010101,35.94949494949495,34.43434343434343,1.5080808080808081,2022,66.548,16.892,29.45,20.206,6.0
OCO,Alpine,0 days 00:01:06.468000,0 days 00:00:16.813000,0 days 00:00:29.395000,0 days 00:00:20.260000,SOFT,4.0,308.0,244.0,282.0,313.0,True,9.0,19.0010101010101,35.94949494949495,34.43434343434343,1.5080808080808081,2022,66.468,16.813,29.395,20.26,6.0
OCO,Alpine,0 days 00:01:06.488000,0 days 00:00:16.873000,0 days 00:00:29.455000,0 days 00:00:20.160000,SOFT,2.0,307.0,246.0,278.0,313.0,True,12.0,19.0010101010101,35.94949494949495,34.43434343434343,1.5080808080808081,2022,66.488,16.873,29.455,20.16,6.0
OCO,Alpine,0 days 00:01:06.276000,0 days 00:00:16.811000,0 days 00:00:29.320000,0 days 00:00:20.145000,SOFT,4.0,309.0,244.0,281.0,316.0,True,14.0,19.0010101010101,35.94949494949495,34.43434343434343,1.5080808080808081,2022,66.276,16.811,29.32,20.145,6.0
OCO,Alpine,0 days 00:01:05.993000,0 days 00:00:16.727000,0 days 00:00:29.238000,0 days 00:00:20.028000,SOFT,2.0,308.0,246.0,281.0,310.0,True,17.0,19.0010101010101,35.94949494949495,34.43434343434343,1.5080808080808081,2022,65.993,16.727,29.238,20.028,6.0
OCO,Alpine,0 days 00:01:06.524000,0 days 00:00:16.778000,0 days 00:00:29.458000,0 days 00:00:20.288000,SOFT,4.0,312.0,241.0,280.0,313.0,False,19.0,19.0010101010101,35.94949494949495,34.43434343434343,1.5080808080808081,2022,66.524,16.778,29.458,20.288,6.0
OCO,Alpine,0 days 00:01:05.779000,0 days 00:00:16.680000,0 days 00:00:29.154000,0 days 00:00:19.945000,SOFT,2.0,308.0,247.0,284.0,313.0,True,22.0,19.0010101010101,35.94949494949495,34.43434343434343,1.5080808080808081,2022,65.779,16.68,29.154,19.945,6.0
OCO,Alpine,0 days 00:01:05.726000,0 days 00:00:16.664000,0 days 00:00:29.188000,0 days 00:00:19.874000,SOFT,3.0,311.0,248.0,282.0,313.0,True,26.0,19.0010101010101,35.94949494949495,34.43434343434343,1.5080808080808081,2022,65.726,16.664,29.188,19.874,6.0
HAM,Mercedes,0 days 00:01:06.079000,0 days 00:00:16.633000,0 days 00:00:29.436000,0 days 00:00:20.010000,SOFT,4.0,311.0,243.0,280.0,316.0,True,4.0,19.0010101010101,35.94949494949495,34.43434343434343,1.5080808080808081,2022,66.079,16.633,29.436,20.01,3.0
HAM,Mercedes,0 days 00:01:06.080000,0 days 00:00:16.766000,0 days 00:00:29.412000,0 days 00:00:19.902000,SOFT,7.0,308.0,245.0,279.0,319.0,False,7.0,19.0010101010101,35.94949494949495,34.43434343434343,1.5080808080808081,2022,66.08,16.766,29.412,19.902,3.0
HAM,Mercedes,0 days 00:01:05.538000,0 days 00:00:16.601000,0 days 00:00:29.222000,0 days 00:00:19.715000,SOFT,2.0,309.0,248.0,280.0,315.0,True,10.0,19.0010101010101,35.94949494949495,34.43434343434343,1.5080808080808081,2022,65.538,16.601,29.222,19.715,3.0
HAM,Mercedes,0 days 00:01:05.475000,0 days 00:00:16.502000,0 days 00:00:29.213000,0 days 00:00:19.760000,SOFT,4.0,312.0,245.0,278.0,314.0,True,12.0,19.0010101010101,35.94949494949495,34.43434343434343,1.5080808080808081,2022,65.475,16.502,29.213,19.76,3.0
HAM,Mercedes,0 days 00:01:05.567000,0 days 00:00:16.486000,0 days 00:00:29.252000,0 days 00:00:19.829000,SOFT,2.0,311.0,246.0,280.0,313.0,False,15.0,19.0010101010101,35.94949494949495,34.43434343434343,1.5080808080808081,2022,65.567,16.486,29.252,19.829,3.0
MSC,Haas F1 Team,0 days 00:01:06.503000,0 days 00:00:16.733000,0 days 00:00:29.437000,0 days 00:00:20.333000,SOFT,2.0,311.0,242.0,285.0,317.0,True,2.0,19.0010101010101,35.94949494949495,34.43434343434343,1.5080808080808081,2022,66.503,16.733,29.437,20.333,10.0
MSC,Haas F1 Team,0 days 00:01:06.405000,0 days 00:00:16.677000,0 days 00:00:29.444000,0 days 00:00:20.284000,SOFT,5.0,313.0,242.0,282.0,318.0,True,5.0,19.0010101010101,35.94949494949495,34.43434343434343,1.5080808080808081,2022,66.405,16.677,29.444,20.284,10.0
MSC,Haas F1 Team,0 days 00:01:06.563000,0 days 00:00:16.661000,0 days 00:00:29.651000,0 days 00:00:20.251000,SOFT,2.0,314.0,242.0,282.0,319.0,False,8.0,19.0010101010101,35.94949494949495,34.43434343434343,1.5080808080808081,2022,66.563,16.661,29.651,20.251,10.0
MSC,Haas F1 Team,0 days 00:01:06.151000,0 days 00:00:16.747000,0 days 00:00:29.295000,0 days 00:00:20.109000,SOFT,2.0,315.0,245.0,278.0,315.0,True,11.0,19.0010101010101,35.94949494949495,34.43434343434343,1.5080808080808081,2022,66.151,16.747,29.295,20.109,10.0
MSC,Haas F1 Team,0 days 00:01:06.210000,0 days 00:00:16.625000,0 days 00:00:29.437000,0 days 00:00:20.148000,SOFT,2.0,316.0,237.0,283.0,315.0,False,14.0,19.0010101010101,35.94949494949495,34.43434343434343,1.5080808080808081,2022,66.21,16.625,29.437,20.148,10.0
MSC,Haas F1 Team,0 days 00:01:06.662000,0 days 00:00:16.670000,0 days 00:00:29.416000,0 days 00:00:20.576000,SOFT,5.0,314.0,246.0,277.0,318.0,True,17.0,19.0010101010101,35.94949494949495,34.43434343434343,1.5080808080808081,2022,66.662,16.67,29.416,20.576,10.0
MSC,Haas F1 Team,0 days 00:01:06.011000,0 days 00:00:16.686000,0 days 00:00:29.091000,0 days 00:00:20.234000,SOFT,3.0,315.0,237.0,280.0,316.0,True,21.0,19.0010101010101,35.94949494949495,34.43434343434343,1.5080808080808081,2022,66.011,16.686,29.091,20.234,10.0
SAI,Ferrari,0 days 00:01:06.363000,0 days 00:00:16.737000,0 days 00:00:29.473000,0 days 00:00:20.153000,SOFT,6.0,311.0,249.0,281.0,315.0,True,2.0,19.0010101010101,35.94949494949495,34.43434343434343,1.5080808080808081,2022,66.363,16.737,29.473,20.153,2.0
SAI,Ferrari,0 days 00:01:06.397000,0 days 00:00:16.676000,0 days 00:00:29.459000,0 days 00:00:20.262000,SOFT,8.0,313.0,246.0,279.0,316.0,True,4.0,19.0010101010101,35.94949494949495,34.43434343434343,1.5080808080808081,2022,66.397,16.676,29.459,20.262,2.0
SAI,Ferrari,0 days 00:01:05.660000,0 days 00:00:16.596000,0 days 00:00:29.162000,0 days 00:00:19.902000,SOFT,2.0,317.0,245.0,281.0,317.0,True,7.0,19.0010101010101,35.94949494949495,34.43434343434343,1.5080808080808081,2022,65.66,16.596,29.162,19.902,2.0
SAI,Ferrari,0 days 00:01:05.923000,0 days 00:00:16.640000,0 days 00:00:29.161000,0 days 00:00:20.122000,SOFT,5.0,313.0,248.0,277.0,317.0,True,10.0,19.0010101010101,35.94949494949495,34.43434343434343,1.5080808080808081,2022,65.923,16.64,29.161,20.122,2.0
SAI,Ferrari,0 days 00:01:06.032000,0 days 00:00:16.761000,0 days 00:00:29.263000,0 days 00:00:20.008000,SOFT,7.0,314.0,245.0,281.0,317.0,False,12.0,19.0010101010101,35.94949494949495,34.43434343434343,1.5080808080808081,2022,66.032,16.761,29.263,20.008,2.0
SAI,Ferrari,0 days 00:01:05.576000,0 days 00:00:16.650000,0 days 00:00:28.994000,0 days 00:00:19.932000,SOFT,2.0,311.0,248.0,280.0,313.0,True,15.0,19.0010101010101,35.94949494949495,34.43434343434343,1.5080808080808081,2022,65.576,16.65,28.994,19.932,2.0
SAI,Ferrari,0 days 00:01:05.960000,0 days 00:00:16.659000,0 days 00:00:29.306000,0 days 00:00:19.995000,SOFT,4.0,316.0,235.0,280.0,317.0,False,17.0,19.0010101010101,35.94949494949495,34.43434343434343,1.5080808080808081,2022,65.96,16.659,29.306,19.995,2.0
SAI,Ferrari,0 days 00:01:05.300000,0 days 00:00:16.578000,0 days 00:00:28.925000,0 days 00:00:19.797000,SOFT,2.0,314.0,250.0,282.0,318.0,True,20.0,19.0010101010101,35.94949494949495,34.43434343434343,1.5080808080808081,2022,65.3,16.578,28.925,19.797,2.0
SAI,Ferrari,0 days 00:01:05.066000,0 days 00:00:16.519000,0 days 00:00:28.891000,0 days 00:00:19.656000,SOFT,3.0,315.0,250.0,281.0,317.0,True,24.0,19.0010101010101,35.94949494949495,34.43434343434343,1.5080808080808081,2022,65.066,16.519,28.891,19.656,2.0
RUS,Mercedes,0 days 00:01:06.628000,0 days 00:00:16.805000,0 days 00:00:29.629000,0 days 00:00:20.194000,SOFT,2.0,307.0,243.0,284.0,313.0,True,2.0,19.0010101010101,35.94949494949495,34.43434343434343,1.5080808080808081,2022,66.628,16.805,29.629,20.194,3.0
RUS,Mercedes,0 days 00:01:06.235000,0 days 00:00:16.718000,0 days 00:00:29.521000,0 days 00:00:19.996000,SOFT,4.0,310.0,243.0,280.0,316.0,True,4.0,19.0010101010101,35.94949494949495,34.43434343434343,1.5080808080808081,2022,66.235,16.718,29.521,19.996,3.0
RUS,Mercedes,0 days 00:01:06.364000,0 days 00:00:16.819000,0 days 00:00:29.587000,0 days 00:00:19.958000,SOFT,7.0,307.0,241.0,285.0,316.0,False,7.0,19.0010101010101,35.94949494949495,34.43434343434343,1.5080808080808081,2022,66.364,16.819,29.587,19.958,3.0
RUS,Mercedes,0 days 00:01:05.771000,0 days 00:00:16.558000,0 days 00:00:29.435000,0 days 00:00:19.778000,SOFT,2.0,309.0,244.0,280.0,314.0,True,10.0,19.0010101010101,35.94949494949495,34.43434343434343,1.5080808080808081,2022,65.771,16.558,29.435,19.778,3.0
RUS,Mercedes,0 days 00:01:05.785000,0 days 00:00:16.635000,0 days 00:00:29.399000,0 days 00:00:19.751000,SOFT,4.0,311.0,243.0,283.0,316.0,False,12.0,19.0010101010101,35.94949494949495,34.43434343434343,1.5080808080808081,2022,65.785,16.635,29.399,19.751,3.0
RUS,Mercedes,0 days 00:01:05.697000,0 days 00:00:16.570000,0 days 00:00:29.442000,0 days 00:00:19.685000,SOFT,3.0,312.0,242.0,284.0,313.0,True,16.0,19.0010101010101,35.94949494949495,34.43434343434343,1.5080808080808081,2022,65.697,16.57,29.442,19.685,3.0
RUS,Mercedes,0 days 00:01:05.452000,0 days 00:00:16.583000,0 days 00:00:29.260000,0 days 00:00:19.609000,SOFT,2.0,309.0,246.0,287.0,313.0,True,19.0,19.0010101010101,35.94949494949495,34.43434343434343,1.5080808080808081,2022,65.452,16.583,29.26,19.609,3.0
RUS,Mercedes,0 days 00:01:05.431000,0 days 00:00:16.550000,0 days 00:00:29.199000,0 days 00:00:19.682000,SOFT,4.0,309.0,246.0,284.0,312.0,True,21.0,19.0010101010101,35.94949494949495,34.43434343434343,1.5080808080808081,2022,65.431,16.55,29.199,19.682,3.0
VER,Red Bull Racing,0 days 00:01:05.190000,0 days 00:00:16.423000,0 days 00:00:29.150000,0 days 00:00:19.617000,SOFT,2.0,324.0,245.0,286.0,317.0,True,2.0,26.70000000000001,39.60941176470588,41.576470588235296,0.8411764705882353,2023,65.19,16.423,29.15,19.617,1.0
VER,Red Bull Racing,0 days 00:01:05.116000,0 days 00:00:16.440000,0 days 00:00:29.070000,0 days 00:00:19.606000,SOFT,6.0,323.0,247.0,288.0,317.0,True,6.0,26.70000000000001,39.60941176470588,41.576470588235296,0.8411764705882353,2023,65.116,16.44,29.07,19.606,1.0
VER,Red Bull Racing,0 days 00:01:05.339000,0 days 00:00:16.380000,0 days 00:00:29.170000,0 days 00:00:19.789000,SOFT,11.0,327.0,247.0,288.0,320.0,False,11.0,26.70000000000001,39.60941176470588,41.576470588235296,0.8411764705882353,2023,65.339,16.38,29.17,19.789,1.0
VER,Red Bull Racing,0 days 00:01:04.955000,0 days 00:00:16.497000,0 days 00:00:28.933000,0 days 00:00:19.525000,SOFT,2.0,322.0,247.0,288.0,317.0,True,14.0,26.70000000000001,39.60941176470588,41.576470588235296,0.8411764705882353,2023,64.955,16.497,28.933,19.525,1.0
VER,Red Bull Racing,0 days 00:01:04.951000,0 days 00:00:16.474000,0 days 00:00:28.943000,0 days 00:00:19.534000,SOFT,5.0,323.0,247.0,287.0,319.0,True,17.0,26.70000000000001,39.60941176470588,41.576470588235296,0.8411764705882353,2023,64.951,16.474,28.943,19.534,1.0
VER,Red Bull Racing,0 days 00:01:04.503000,0 days 00:00:16.348000,0 days 00:00:28.757000,0 days 00:00:19.398000,SOFT,2.0,324.0,247.0,289.0,316.0,True,20.0,26.70000000000001,39.60941176470588,41.576470588235296,0.8411764705882353,2023,64.503,16.348,28.757,19.398,1.0
VER,Red Bull Racing,0 days 00:01:04.391000,0 days 00:00:16.300000,0 days 00:00:28.732000,0 days 00:00:19.359000,SOFT,2.0,324.0,249.0,290.0,317.0,True,23.0,26.70000000000001,39.60941176470588,41.576470588235296,0.8411764705882353,2023,64.391,16.3,28.732,19.359,1.0
SAI,Ferrari,0 days 00:01:06.496000,0 days 00:00:16.680000,0 days 00:00:29.648000,0 days 00:00:20.168000,SOFT,10.0,321.0,236.0,286.0,315.0,True,2.0,26.70000000000001,39.60941176470588,41.576470588235296,0.8411764705882353,2023,66.496,16.68,29.648,20.168,2.0
SAI,Ferrari,0 days 00:01:05.339000,0 days 00:00:16.435000,0 days 00:00:29.083000,0 days 00:00:19.821000,SOFT,2.0,322.0,245.0,286.0,317.0,True,6.0,26.70000000000001,39.60941176470588,41.576470588235296,0.8411764705882353,2023,65.339,16.435,29.083,19.821,2.0
SAI,Ferrari,0 days 00:01:05.815000,0 days 00:00:16.510000,0 days 00:00:29.341000,0 days 00:00:19.964000,SOFT,5.0,321.0,242.0,286.0,315.0,False,9.0,26.70000000000001,39.60941176470588,41.576470588235296,0.8411764705882353,2023,65.815,16.51,29.341,19.964,2.0
SAI,Ferrari,0 days 00:01:05.486000,0 days 00:00:16.450000,0 days 00:00:29.304000,0 days 00:00:19.732000,SOFT,8.0,323.0,246.0,287.0,316.0,True,12.0,26.70000000000001,39.60941176470588,41.576470588235296,0.8411764705882353,2023,65.486,16.45,29.304,19.732,2.0
SAI,Ferrari,0 days 00:01:05.036000,0 days 00:00:16.401000,0 days 00:00:29.029000,0 days 00:00:19.606000,SOFT,2.0,325.0,246.0,289.0,320.0,True,15.0,26.70000000000001,39.60941176470588,41.576470588235296,0.8411764705882353,2023,65.036,16.401,29.029,19.606,2.0
SAI,Ferrari,0 days 00:01:04.975000,0 days 00:00:16.387000,0 days 00:00:28.850000,0 days 00:00:19.738000,SOFT,2.0,325.0,245.0,288.0,318.0,True,18.0,26.70000000000001,39.60941176470588,41.576470588235296,0.8411764705882353,2023,64.975,16.387,28.85,19.738,2.0
SAI,Ferrari,0 days 00:01:04.927000,0 days 00:00:16.533000,0 days 00:00:28.915000,0 days 00:00:19.479000,SOFT,2.0,322.0,246.0,289.0,316.0,True,21.0,26.70000000000001,39.60941176470588,41.576470588235296,0.8411764705882353,2023,64.927,16.533,28.915,19.479,2.0
SAI,Ferrari,0 days 00:01:04.581000,0 days 00:00:16.304000,0 days 00:00:28.785000,0 days 00:00:19.492000,SOFT,2.0,323.0,247.0,286.0,317.0,True,24.0,26.70000000000001,39.60941176470588,41.576470588235296,0.8411764705882353,2023,64.581,16.304,28.785,19.492,2.0
LEC,Ferrari,0 days 00:01:06.237000,0 days 00:00:16.708000,0 days 00:00:29.496000,0 days 00:00:20.033000,SOFT,11.0,321.0,244.0,286.0,315.0,True,2.0,26.70000000000001,39.60941176470588,41.576470588235296,0.8411764705882353,2023,66.237,16.708,29.496,20.033,2.0
LEC,Ferrari,0 days 00:01:05.577000,0 days 00:00:16.622000,0 days 00:00:29.080000,0 days 00:00:19.875000,SOFT,2.0,321.0,245.0,287.0,317.0,True,6.0,26.70000000000001,39.60941176470588,41.576470588235296,0.8411764705882353,2023,65.577,16.622,29.08,19.875,2.0
LEC,Ferrari,0 days 00:01:05.673000,0 days 00:00:16.588000,0 days 00:00:29.287000,0 days 00:00:19.798000,SOFT,5.0,320.0,245.0,287.0,316.0,False,9.0,26.70000000000001,39.60941176470588,41.576470588235296,0.8411764705882353,2023,65.673,16.588,29.287,19.798,2.0
LEC,Ferrari,0 days 00:01:05.660000,0 days 00:00:16.462000,0 days 00:00:29.266000,0 days 00:00:19.932000,SOFT,9.0,323.0,245.0,285.0,317.0,True,13.0,26.70000000000001,39.60941176470588,41.576470588235296,0.8411764705882353,2023,65.66,16.462,29.266,19.932,2.0
LEC,Ferrari,0 days 00:01:05.087000,0 days 00:00:16.409000,0 days 00:00:28.922000,0 days 00:00:19.756000,SOFT,2.0,323.0,247.0,285.0,318.0,True,16.0,26.70000000000001,39.60941176470588,41.576470588235296,0.8411764705882353,2023,65.087,16.409,28.922,19.756,2.0
LEC,Ferrari,0 days 00:01:05.290000,0 days 00:00:16.504000,0 days 00:00:29.020000,0 days 00:00:19.766000,SOFT,5.0,322.0,247.0,287.0,316.0,False,19.0,26.70000000000001,39.60941176470588,41.576470588235296,0.8411764705882353,2023,65.29,16.504,29.02,19.766,2.0
LEC,Ferrari,0 days 00:01:04.709000,0 days 00:00:16.359000,0 days 00:00:28.722000,0 days 00:00:19.628000,SOFT,2.0,322.0,248.0,288.0,317.0,True,22.0,26.70000000000001,39.60941176470588,41.576470588235296,0.8411764705882353,2023,64.709,16.359,28.722,19.628,2.0
LEC,Ferrari,0 days 00:01:04.439000,0 days 00:00:16.336000,0 days 00:00:28.686000,0 days 00:00:19.417000,SOFT,2.0,324.0,247.0,288.0,318.0,True,25.0,26.70000000000001,39.60941176470588,41.576470588235296,0.8411764705882353,2023,64.439,16.336,28.686,19.417,2.0
HAM,Mercedes,0 days 00:01:05.673000,0 days 00:00:16.464000,0 days 00:00:29.338000,0 days 00:00:19.871000,SOFT,2.0,320.0,246.0,285.0,314.0,True,6.0,26.70000000000001,39.60941176470588,41.576470588235296,0.8411764705882353,2023,65.673,16.464,29.338,19.871,3.0
HAM,Mercedes,0 days 00:01:05.753000,0 days 00:00:16.533000,0 days 00:00:29.448000,0 days 00:00:19.772000,SOFT,4.0,318.0,244.0,286.0,314.0,False,8.0,26.70000000000001,39.60941176470588,41.576470588235296,0.8411764705882353,2023,65.753,16.533,29.448,19.772,3.0
HAM,Mercedes,0 days 00:01:05.552000,0 days 00:00:16.464000,0 days 00:00:29.275000,0 days 00:00:19.813000,SOFT,4.0,322.0,246.0,285.0,314.0,True,13.0,26.70000000000001,39.60941176470588,41.576470588235296,0.8411764705882353,2023,65.552,16.464,29.275,19.813,3.0
HAM,Mercedes,0 days 00:01:05.188000,0 days 00:00:16.343000,0 days 00:00:29.089000,0 days 00:00:19.756000,SOFT,2.0,321.0,246.0,284.0,315.0,True,16.0,26.70000000000001,39.60941176470588,41.576470588235296,0.8411764705882353,2023,65.188,16.343,29.089,19.756,3.0
HAM,Mercedes,0 days 00:01:05.061000,0 days 00:00:16.329000,0 days 00:00:29.090000,0 days 00:00:19.642000,SOFT,2.0,320.0,246.0,285.0,312.0,True,21.0,26.70000000000001,39.60941176470588,41.576470588235296,0.8411764705882353,2023,65.061,16.329,29.09,19.642,3.0
HAM,Mercedes,0 days 00:01:04.819000,0 days 00:00:16.312000,0 days 00:00:28.975000,0 days 00:00:19.532000,SOFT,2.0,321.0,247.0,286.0,314.0,True,24.0,26.70000000000001,39.60941176470588,41.576470588235296,0.8411764705882353,2023,64.819,16.312,28.975,19.532,3.0
PER,Red Bull Racing,0 days 00:01:05.910000,0 days 00:00:16.618000,0 days 00:00:29.424000,0 days 00:00:19.868000,SOFT,2.0,323.0,243.0,286.0,317.0,True,2.0,26.70000000000001,39.60941176470588,41.576470588235296,0.8411764705882353,2023,65.91,16.618,29.424,19.868,1.0
PER,Red Bull Racing,0 days 00:01:05.926000,0 days 00:00:16.599000,0 days 00:00:29.369000,0 days 00:00:19.958000,SOFT,6.0,325.0,242.0,285.0,318.0,False,6.0,26.70000000000001,39.60941176470588,41.576470588235296,0.8411764705882353,2023,65.926,16.599,29.369,19.958,1.0
PER,Red Bull Racing,0 days 00:01:05.177000,0 days 00:00:16.505000,0 days 00:00:29.113000,0 days 00:00:19.559000,SOFT,2.0,325.0,244.0,288.0,319.0,True,9.0,26.70000000000001,39.60941176470588,41.576470588235296,0.8411764705882353,2023,65.177,16.505,29.113,19.559,1.0
PER,Red Bull Racing,0 days 00:01:05.028000,0 days 00:00:16.469000,0 days 00:00:28.971000,0 days 00:00:19.588000,SOFT,2.0,324.0,246.0,288.0,319.0,False,12.0,26.70000000000001,39.60941176470588,41.576470588235296,0.8411764705882353,2023,65.028,16.469,28.971,19.588,1.0
PER,Red Bull Racing,0 days 00:01:05.235000,0 days 00:00:16.525000,0 days 00:00:28.892000,0 days 00:00:19.818000,SOFT,5.0,324.0,244.0,289.0,318.0,False,15.0,26.70000000000001,39.60941176470588,41.576470588235296,0.8411764705882353,2023,65.235,16.525,28.892,19.818,1.0
PER,Red Bull Racing,0 days 00:01:04.990000,0 days 00:00:16.438000,0 days 00:00:28.839000,0 days 00:00:19.713000,SOFT,2.0,325.0,242.0,290.0,318.0,False,18.0,26.70000000000001,39.60941176470588,41.576470588235296,0.8411764705882353,2023,64.99,16.438,28.839,19.713,1.0
STR,Aston Martin,0 days 00:01:06.139000,0 days 00:00:16.605000,0 days 00:00:29.582000,0 days 00:00:19.952000,SOFT,2.0,320.0,242.0,283.0,314.0,True,2.0,26.70000000000001,39.60941176470588,41.576470588235296,0.8411764705882353,2023,66.139,16.605,29.582,19.952,5.0
STR,Aston Martin,0 days 00:01:05.798000,0 days 00:00:16.606000,0 days 00:00:29.595000,0 days 00:00:19.597000,SOFT,2.0,319.0,246.0,285.0,313.0,True,6.0,26.70000000000001,39.60941176470588,41.576470588235296,0.8411764705882353,2023,65.798,16.606,29.595,19.597,5.0
STR,Aston Martin,0 days 00:01:05.710000,0 days 00:00:16.628000,0 days 00:00:29.380000,0 days 00:00:19.702000,SOFT,5.0,320.0,245.0,285.0,314.0,True,9.0,26.70000000000001,39.60941176470588,41.576470588235296,0.8411764705882353,2023,65.71,16.628,29.38,19.702,5.0
STR,Aston Martin,0 days 00:01:05.177000,0 days 00:00:16.449000,0 days 00:00:29.076000,0 days 00:00:19.652000,SOFT,2.0,322.0,247.0,286.0,314.0,True,12.0,26.70000000000001,39.60941176470588,41.576470588235296,0.8411764705882353,2023,65.177,16.449,29.076,19.652,5.0
STR,Aston Martin,0 days 00:01:05.506000,0 days 00:00:16.522000,0 days 00:00:29.245000,0 days 00:00:19.739000,SOFT,5.0,322.0,244.0,286.0,316.0,True,15.0,26.70000000000001,39.60941176470588,41.576470588235296,0.8411764705882353,2023,65.506,16.522,29.245,19.739,5.0
STR,Aston Martin,0 days 00:01:05.121000,0 days 00:00:16.416000,0 days 00:00:29.081000,0 days 00:00:19.624000,SOFT,2.0,322.0,246.0,286.0,315.0,True,18.0,26.70000000000001,39.60941176470588,41.576470588235296,0.8411764705882353,2023,65.121,16.416,29.081,19.624,5.0
STR,Aston Martin,0 days 00:01:05.857000,0 days 00:00:16.584000,0 days 00:00:29.418000,0 days 00:00:19.855000,SOFT,8.0,318.0,242.0,284.0,312.0,True,21.0,26.70000000000001,39.60941176470588,41.576470588235296,0.8411764705882353,2023,65.857,16.584,29.418,19.855,5.0
STR,Aston Martin,0 days 00:01:04.893000,0 days 00:00:16.388000,0 days 00:00:28.969000,0 days 00:00:19.536000,SOFT,2.0,322.0,246.0,285.0,315.0,True,24.0,26.70000000000001,39.60941176470588,41.576470588235296,0.8411764705882353,2023,64.893,16.388,28.969,19.536,5.0
ALO,Aston Martin,0 days 00:01:06.323000,0 days 00:00:16.682000,0 days 00:00:29.597000,0 days 00:00:20.044000,SOFT,2.0,319.0,244.0,281.0,311.0,True,2.0,26.70000000000001,39.60941176470588,41.576470588235296,0.8411764705882353,2023,66.323,16.682,29.597,20.044,5.0
ALO,Aston Martin,0 days 00:01:05.655000,0 days 00:00:16.571000,0 days 00:00:29.267000,0 days 00:00:19.817000,SOFT,6.0,318.0,246.0,284.0,313.0,True,6.0,26.70000000000001,39.60941176470588,41.576470588235296,0.8411764705882353,2023,65.655,16.571,29.267,19.817,5.0
ALO,Aston Martin,0 days 00:01:05.775000,0 days 00:00:16.589000,0 days 00:00:29.300000,0 days 00:00:19.886000,SOFT,2.0,319.0,244.0,283.0,314.0,False,9.0,26.70000000000001,39.60941176470588,41.576470588235296,0.8411764705882353,2023,65.775,16.589,29.3,19.886,5.0
ALO,Aston Martin,0 days 00:01:05.382000,0 days 00:00:16.546000,0 days 00:00:29.217000,0 days 00:00:19.619000,SOFT,2.0,319.0,247.0,285.0,314.0,True,14.0,26.70000000000001,39.60941176470588,41.576470588235296,0.8411764705882353,2023,65.382,16.546,29.217,19.619,5.0
ALO,Aston Martin,0 days 00:01:05.055000,0 days 00:00:16.505000,0 days 00:00:29.008000,0 days 00:00:19.542000,SOFT,2.0,320.0,247.0,285.0,313.0,False,17.0,26.70000000000001,39.60941176470588,41.576470588235296,0.8411764705882353,2023,65.055,16.505,29.008,19.542,5.0
ALO,Aston Martin,0 days 00:01:05.181000,0 days 00:00:16.470000,0 days 00:00:29.024000,0 days 00:00:19.687000,SOFT,2.0,321.0,248.0,285.0,314.0,True,20.0,26.70000000000001,39.60941176470588,41.576470588235296,0.8411764705882353,2023,65.181,16.47,29.024,19.687,5.0
ALO,Aston Martin,0 days 00:01:05.524000,0 days 00:00:16.569000,0 days 00:00:29.158000,0 days 00:00:19.797000,SOFT,5.0,319.0,244.0,284.0,313.0,True,23.0,26.70000000000001,39.60941176470588,41.576470588235296,0.8411764705882353,2023,65.524,16.569,29.158,19.797,5.0
ALO,Aston Martin,0 days 00:01:04.911000,0 days 00:00:16.399000,0 days 00:00:28.919000,0 days 00:00:19.593000,SOFT,2.0,320.0,246.0,285.0,314.0,True,26.0,26.70000000000001,39.60941176470588,41.576470588235296,0.8411764705882353,2023,64.911,16.399,28.919,19.593,5.0
HUL,Haas F1 Team,0 days 00:01:06.040000,0 days 00:00:16.507000,0 days 00:00:29.461000,0 days 00:00:20.072000,SOFT,2.0,321.0,241.0,283.0,316.0,True,2.0,26.70000000000001,39.60941176470588,41.576470588235296,0.8411764705882353,2023,66.04,16.507,29.461,20.072,10.0
HUL,Haas F1 Team,0 days 00:01:05.991000,0 days 00:00:16.544000,0 days 00:00:29.451000,0 days 00:00:19.996000,SOFT,2.0,321.0,241.0,284.0,315.0,True,6.0,26.70000000000001,39.60941176470588,41.576470588235296,0.8411764705882353,2023,65.991,16.544,29.451,19.996,10.0
HUL,Haas F1 Team,0 days 00:01:05.740000,0 days 00:00:16.481000,0 days 00:00:29.238000,0 days 00:00:20.021000,SOFT,5.0,323.0,244.0,288.0,318.0,True,9.0,26.70000000000001,39.60941176470588,41.576470588235296,0.8411764705882353,2023,65.74,16.481,29.238,20.021,10.0
HUL,Haas F1 Team,0 days 00:01:05.362000,0 days 00:00:16.467000,0 days 00:00:29.067000,0 days 00:00:19.828000,SOFT,2.0,323.0,244.0,287.0,316.0,True,12.0,26.70000000000001,39.60941176470588,41.576470588235296,0.8411764705882353,2023,65.362,16.467,29.067,19.828,10.0
HUL,Haas F1 Team,0 days 00:01:05.301000,0 days 00:00:16.404000,0 days 00:00:29.035000,0 days 00:00:19.862000,SOFT,2.0,324.0,245.0,286.0,316.0,False,17.0,26.70000000000001,39.60941176470588,41.576470588235296,0.8411764705882353,2023,65.301,16.404,29.035,19.862,10.0
HUL,Haas F1 Team,0 days 00:01:05.903000,0 days 00:00:16.444000,0 days 00:00:29.417000,0 days 00:00:20.042000,SOFT,5.0,321.0,241.0,286.0,315.0,True,20.0,26.70000000000001,39.60941176470588,41.576470588235296,0.8411764705882353,2023,65.903,16.444,29.417,20.042,10.0
HUL,Haas F1 Team,0 days 00:01:05.090000,0 days 00:00:16.392000,0 days 00:00:28.940000,0 days 00:00:19.758000,SOFT,2.0,323.0,245.0,285.0,315.0,True,23.0,26.70000000000001,39.60941176470588,41.576470588235296,0.8411764705882353,2023,65.09,16.392,28.94,19.758,10.0
GAS,Alpine,0 days 00:01:06.966000,0 days 00:00:16.783000,0 days 00:00:29.950000,0 days 00:00:20.233000,SOFT,5.0,318.0,238.0,284.0,310.0,True,2.0,26.70000000000001,39.60941176470588,41.576470588235296,0.8411764705882353,2023,66.966,16.783,29.95,20.233,6.0
GAS,Alpine,0 days 00:01:05.702000,0 days 00:00:16.555000,0 days 00:00:29.270000,0 days 00:00:19.877000,SOFT,2.0,320.0,244.0,285.0,315.0,True,5.0,26.70000000000001,39.60941176470588,41.576470588235296,0.8411764705882353,2023,65.702,16.555,29.27,19.877,6.0
GAS,Alpine,0 days 00:01:05.515000,0 days 00:00:16.566000,0 days 00:00:29.123000,0 days 00:00:19.826000,SOFT,2.0,323.0,248.0,285.0,316.0,True,8.0,26.70000000000001,39.60941176470588,41.576470588235296,0.8411764705882353,2023,65.515,16.566,29.123,19.826,6.0
GAS,Alpine,0 days 00:01:05.308000,0 days 00:00:16.516000,0 days 00:00:29.124000,0 days 00:00:19.668000,SOFT,2.0,322.0,247.0,286.0,314.0,True,11.0,26.70000000000001,39.60941176470588,41.576470588235296,0.8411764705882353,2023,65.308,16.516,29.124,19.668,6.0
GAS,Alpine,0 days 00:01:05.084000,0 days 00:00:16.398000,0 days 00:00:29.028000,0 days 00:00:19.658000,SOFT,2.0,322.0,249.0,286.0,315.0,False,14.0,26.70000000000001,39.60941176470588,41.576470588235296,0.8411764705882353,2023,65.084,16.398,29.028,19.658,6.0
GAS,Alpine,0 days 00:01:05.633000,0 days 00:00:16.597000,0 days 00:00:29.236000,0 days 00:00:19.800000,SOFT,5.0,320.0,245.0,285.0,314.0,True,17.0,26.70000000000001,39.60941176470588,41.576470588235296,0.8411764705882353,2023,65.633,16.597,29.236,19.8,6.0
GAS,Alpine,0 days 00:01:05.170000,0 days 00:00:16.508000,0 days 00:00:29.067000,0 days 00:00:19.595000,SOFT,2.0,321.0,248.0,286.0,313.0,True,20.0,26.70000000000001,39.60941176470588,41.576470588235296,0.8411764705882353,2023,65.17,16.508,29.067,19.595,6.0
NOR,McLaren,0 days 00:01:05.946000,0 days 00:00:16.583000,0 days 00:00:29.400000,0 days 00:00:19.963000,SOFT,2.0,321.0,243.0,283.0,314.0,True,2.0,26.70000000000001,39.60941176470588,41.576470588235296,0.8411764705882353,2023,65.946,16.583,29.4,19.963,4.0
NOR,McLaren,0 days 00:01:05.617000,0 days 00:00:16.503000,0 days 00:00:29.303000,0 days 00:00:19.811000,SOFT,6.0,319.0,247.0,286.0,314.0,True,6.0,26.70000000000001,39.60941176470588,41.576470588235296,0.8411764705882353,2023,65.617,16.503,29.303,19.811,4.0
NOR,McLaren,0 days 00:01:05.179000,0 days 00:00:16.427000,0 days 00:00:29.056000,0 days 00:00:19.696000,SOFT,2.0,322.0,247.0,286.0,316.0,False,9.0,26.70000000000001,39.60941176470588,41.576470588235296,0.8411764705882353,2023,65.179,16.427,29.056,19.696,4.0
NOR,McLaren,0 days 00:01:05.729000,0 days 00:00:16.637000,0 days 00:00:29.262000,0 days 00:00:19.830000,SOFT,4.0,320.0,246.0,287.0,315.0,False,11.0,26.70000000000001,39.60941176470588,41.576470588235296,0.8411764705882353,2023,65.729,16.637,29.262,19.83,4.0
NOR,McLaren,0 days 00:01:05.038000,0 days 00:00:16.462000,0 days 00:00:29.024000,0 days 00:00:19.552000,SOFT,2.0,323.0,249.0,287.0,315.0,True,14.0,26.70000000000001,39.60941176470588,41.576470588235296,0.8411764705882353,2023,65.038,16.462,29.024,19.552,4.0
NOR,McLaren,0 days 00:01:05.001000,0 days 00:00:16.436000,0 days 00:00:29.037000,0 days 00:00:19.528000,SOFT,4.0,321.0,246.0,286.0,315.0,True,19.0,26.70000000000001,39.60941176470588,41.576470588235296,0.8411764705882353,2023,65.001,16.436,29.037,19.528,4.0
NOR,McLaren,0 days 00:01:04.658000,0 days 00:00:16.358000,0 days 00:00:28.808000,0 days 00:00:19.492000,SOFT,2.0,323.0,248.0,285.0,315.0,True,22.0,26.70000000000001,39.60941176470588,41.576470588235296,0.8411764705882353,2023,64.658,16.358,28.808,19.492,4.0
VER,Red Bull Racing,0 days 00:01:06.054000,0 days 00:00:16.579000,0 days 00:00:29.671000,0 days 00:00:19.804000,SOFT,5.0,320.0,242.0,287.0,316.0,True,2.0,31.32894736842105,46.107894736842105,37.69736842105263,1.335526315789474,2024,66.054,16.579,29.671,19.804,1.0
VER,Red Bull Racing,0 days 00:01:05.336000,0 days 00:00:16.421000,0 days 00:00:29.316000,0 days 00:00:19.599000,SOFT,5.0,322.0,244.0,285.0,316.0,True,5.0,31.32894736842105,46.107894736842105,37.69736842105263,1.335526315789474,2024,65.336,16.421,29.316,19.599,1.0
VER,Red Bull Racing,0 days 00:01:04.577000,0 days 00:00:16.266000,0 days 00:00:28.931000,0 days 00:00:19.380000,SOFT,2.0,322.0,251.0,287.0,318.0,True,8.0,31.32894736842105,46.107894736842105,37.69736842105263,1.335526315789474,2024,64.577,16.266,28.931,19.38,1.0
VER,Red Bull Racing,0 days 00:01:04.469000,0 days 00:00:16.262000,0 days 00:00:28.852000,0 days 00:00:19.355000,SOFT,2.0,322.0,249.0,288.0,318.0,True,11.0,31.32894736842105,46.107894736842105,37.69736842105263,1.335526315789474,2024,64.469,16.262,28.852,19.355,1.0
VER,Red Bull Racing,0 days 00:01:04.426000,0 days 00:00:16.310000,0 days 00:00:28.784000,0 days 00:00:19.332000,SOFT,2.0,322.0,248.0,286.0,318.0,True,14.0,31.32894736842105,46.107894736842105,37.69736842105263,1.335526315789474,2024,64.426,16.31,28.784,19.332,1.0
VER,Red Bull Racing,0 days 00:01:04.314000,0 days 00:00:16.254000,0 days 00:00:28.791000,0 days 00:00:19.269000,SOFT,2.0,323.0,249.0,288.0,319.0,True,17.0,31.32894736842105,46.107894736842105,37.69736842105263,1.335526315789474,2024,64.314,16.254,28.791,19.269,1.0
PIA,McLaren,0 days 00:01:05.918000,0 days 00:00:16.545000,0 days 00:00:29.471000,0 days 00:00:19.902000,SOFT,5.0,318.0,244.0,282.0,313.0,True,2.0,31.32894736842105,46.107894736842105,37.69736842105263,1.335526315789474,2024,65.918,16.545,29.471,19.902,4.0
PIA,McLaren,0 days 00:01:05.311000,0 days 00:00:16.405000,0 days 00:00:29.143000,0 days 00:00:19.763000,SOFT,2.0,319.0,245.0,283.0,314.0,True,5.0,31.32894736842105,46.107894736842105,37.69736842105263,1.335526315789474,2024,65.311,16.405,29.143,19.763,4.0
PIA,McLaren,0 days 00:01:05.070000,0 days 00:00:16.387000,0 days 00:00:29.065000,0 days 00:00:19.618000,SOFT,2.0,319.0,247.0,285.0,315.0,True,8.0,31.32894736842105,46.107894736842105,37.69736842105263,1.335526315789474,2024,65.07,16.387,29.065,19.618,4.0
PIA,McLaren,0 days 00:01:05.048000,0 days 00:00:16.448000,0 days 00:00:29.008000,0 days 00:00:19.592000,SOFT,2.0,319.0,247.0,285.0,315.0,True,13.0,31.32894736842105,46.107894736842105,37.69736842105263,1.335526315789474,2024,65.048,16.448,29.008,19.592,4.0
PIA,McLaren,0 days 00:01:04.786000,0 days 00:00:16.422000,0 days 00:00:28.924000,0 days 00:00:19.440000,SOFT,2.0,318.0,249.0,285.0,315.0,False,16.0,31.32894736842105,46.107894736842105,37.69736842105263,1.335526315789474,2024,64.786,16.422,28.924,19.44,4.0
LEC,Ferrari,0 days 00:01:05.901000,0 days 00:00:16.622000,0 days 00:00:29.336000,0 days 00:00:19.943000,SOFT,4.0,321.0,246.0,282.0,317.0,True,2.0,31.32894736842105,46.107894736842105,37.69736842105263,1.335526315789474,2024,65.901,16.622,29.336,19.943,2.0
LEC,Ferrari,0 days 00:01:05.509000,0 days 00:00:16.498000,0 days 00:00:29.378000,0 days 00:00:19.633000,SOFT,2.0,321.0,247.0,284.0,317.0,True,5.0,31.32894736842105,46.107894736842105,37.69736842105263,1.335526315789474,2024,65.509,16.498,29.378,19.633,2.0
LEC,Ferrari,0 days 00:01:05.532000,0 days 00:00:16.546000,0 days 00:00:29.197000,0 days 00:00:19.789000,SOFT,5.0,320.0,245.0,284.0,316.0,True,10.0,31.32894736842105,46.107894736842105,37.69736842105263,1.335526315789474,2024,65.532,16.546,29.197,19.789,2.0
LEC,Ferrari,0 days 00:01:05.104000,0 days 00:00:16.369000,0 days 00:00:29.135000,0 days 00:00:19.600000,SOFT,4.0,320.0,247.0,286.0,315.0,True,13.0,31.32894736842105,46.107894736842105,37.69736842105263,1.335526315789474,2024,65.104,16.369,29.135,19.6,2.0
LEC,Ferrari,0 days 00:01:05.044000,0 days 00:00:16.361000,0 days 00:00:29.044000,0 days 00:00:19.639000,SOFT,4.0,321.0,245.0,286.0,317.0,True,18.0,31.32894736842105,46.107894736842105,37.69736842105263,1.335526315789474,2024,65.044,16.361,29.044,19.639,2.0
SAI,Ferrari,0 days 00:01:05.941000,0 days 00:00:16.520000,0 days 00:00:29.420000,0 days 00:00:20.001000,SOFT,5.0,321.0,243.0,283.0,316.0,True,2.0,31.32894736842105,46.107894736842105,37.69736842105263,1.335526315789474,2024,65.941,16.52,29.42,20.001,2.0
SAI,Ferrari,0 days 00:01:05.263000,0 days 00:00:16.370000,0 days 00:00:29.178000,0 days 00:00:19.715000,SOFT,2.0,322.0,244.0,286.0,316.0,True,5.0,31.32894736842105,46.107894736842105,37.69736842105263,1.335526315789474,2024,65.263,16.37,29.178,19.715,2.0
SAI,Ferrari,0 days 00:01:05.745000,0 days 00:00:16.526000,0 days 00:00:29.377000,0 days 00:00:19.842000,SOFT,5.0,320.0,245.0,282.0,316.0,True,8.0,31.32894736842105,46.107894736842105,37.69736842105263,1.335526315789474,2024,65.745,16.526,29.377,19.842,2.0
SAI,Ferrari,0 days 00:01:05.016000,0 days 00:00:16.388000,0 days 00:00:29.070000,0 days 00:00:19.558000,SOFT,2.0,320.0,247.0,283.0,316.0,True,11.0,31.32894736842105,46.107894736842105,37.69736842105263,1.335526315789474,2024,65.016,16.388,29.07,19.558,2.0
SAI,Ferrari,0 days 00:01:05.235000,0 days 00:00:16.419000,0 days 00:00:29.074000,0 days 00:00:19.742000,SOFT,2.0,319.0,246.0,285.0,316.0,True,14.0,31.32894736842105,46.107894736842105,37.69736842105263,1.335526315789474,2024,65.235,16.419,29.074,19.742,2.0
SAI,Ferrari,0 days 00:01:04.851000,0 days 00:00:16.385000,0 days 00:00:28.890000,0 days 00:00:19.576000,SOFT,2.0,320.0,250.0,285.0,317.0,True,17.0,31.32894736842105,46.107894736842105,37.69736842105263,1.335526315789474,2024,64.851,16.385,28.89,19.576,2.0
HAM,Mercedes,0 days 00:01:05.946000,0 days 00:00:16.629000,0 days 00:00:29.490000,0 days 00:00:19.827000,SOFT,5.0,319.0,242.0,280.0,310.0,True,2.0,31.32894736842105,46.107894736842105,37.69736842105263,1.335526315789474,2024,65.946,16.629,29.49,19.827,3.0
HAM,Mercedes,0 days 00:01:05.541000,0 days 00:00:16.543000,0 days 00:00:29.188000,0 days 00:00:19.810000,SOFT,2.0,319.0,245.0,284.0,318.0,True,5.0,31.32894736842105,46.107894736842105,37.69736842105263,1.335526315789474,2024,65.541,16.543,29.188,19.81,3.0
HAM,Mercedes,0 days 00:01:05.244000,0 days 00:00:16.365000,0 days 00:00:29.153000,0 days 00:00:19.726000,SOFT,2.0,318.0,247.0,285.0,315.0,True,8.0,31.32894736842105,46.107894736842105,37.69736842105263,1.335526315789474,2024,65.244,16.365,29.153,19.726,3.0
HAM,Mercedes,0 days 00:01:05.053000,0 days 00:00:16.342000,0 days 00:00:29.033000,0 days 00:00:19.678000,SOFT,2.0,318.0,245.0,285.0,317.0,True,11.0,31.32894736842105,46.107894736842105,37.69736842105263,1.335526315789474,2024,65.053,16.342,29.033,19.678,3.0
HAM,Mercedes,0 days 00:01:05.113000,0 days 00:00:16.421000,0 days 00:00:29.127000,0 days 00:00:19.565000,SOFT,2.0,318.0,248.0,283.0,316.0,True,14.0,31.32894736842105,46.107894736842105,37.69736842105263,1.335526315789474,2024,65.113,16.421,29.127,19.565,3.0
HAM,Mercedes,0 days 00:01:04.903000,0 days 00:00:16.338000,0 days 00:00:29.033000,0 days 00:00:19.532000,SOFT,2.0,320.0,245.0,284.0,317.0,True,17.0,31.32894736842105,46.107894736842105,37.69736842105263,1.335526315789474,2024,64.903,16.338,29.033,19.532,3.0
OCO,Alpine,0 days 00:01:06.452000,0 days 00:00:16.688000,0 days 00:00:29.735000,0 days 00:00:20.029000,SOFT,8.0,316.0,240.0,283.0,313.0,True,2.0,31.32894736842105,46.107894736842105,37.69736842105263,1.335526315789474,2024,66.452,16.688,29.735,20.029,6.0
OCO,Alpine,0 days 00:01:05.661000,0 days 00:00:16.516000,0 days 00:00:29.351000,0 days 00:00:19.794000,SOFT,2.0,319.0,244.0,286.0,314.0,True,5.0,31.32894736842105,46.107894736842105,37.69736842105263,1.335526315789474,2024,65.661,16.516,29.351,19.794,6.0
OCO,Alpine,0 days 00:01:05.574000,0 days 00:00:16.489000,0 days 00:00:29.376000,0 days 00:00:19.709000,SOFT,2.0,318.0,244.0,283.0,315.0,True,8.0,31.32894736842105,46.107894736842105,37.69736842105263,1.335526315789474,2024,65.574,16.489,29.376,19.709,6.0
OCO,Alpine,0 days 00:01:05.582000,0 days 00:00:16.608000,0 days 00:00:29.268000,0 days 00:00:19.706000,SOFT,2.0,317.0,244.0,283.0,314.0,True,11.0,31.32894736842105,46.107894736842105,37.69736842105263,1.335526315789474,2024,65.582,16.608,29.268,19.706,6.0
OCO,Alpine,0 days 00:01:05.319000,0 days 00:00:16.469000,0 days 00:00:29.229000,0 days 00:00:19.621000,SOFT,2.0,319.0,246.0,286.0,315.0,True,14.0,31.32894736842105,46.107894736842105,37.69736842105263,1.335526315789474,2024,65.319,16.469,29.229,19.621,6.0
OCO,Alpine,0 days 00:01:05.274000,0 days 00:00:16.429000,0 days 00:00:29.141000,0 days 00:00:19.704000,SOFT,2.0,316.0,247.0,282.0,317.0,True,17.0,31.32894736842105,46.107894736842105,37.69736842105263,1.335526315789474,2024,65.274,16.429,29.141,19.704,6.0
OCO,Alpine,0 days 00:01:05.940000,0 days 00:00:16.605000,0 days 00:00:29.500000,0 days 00:00:19.835000,SOFT,5.0,318.0,244.0,283.0,314.0,True,20.0,31.32894736842105,46.107894736842105,37.69736842105263,1.335526315789474,2024,65.94,16.605,29.5,19.835,6.0
OCO,Alpine,0 days 00:01:05.883000,0 days 00:00:16.555000,0 days 00:00:29.440000,0 days 00:00:19.888000,SOFT,5.0,318.0,241.0,284.0,315.0,True,23.0,31.32894736842105,46.107894736842105,37.69736842105263,1.335526315789474,2024,65.883,16.555,29.44,19.888,6.0
RUS,Mercedes,0 days 00:01:05.614000,0 days 00:00:16.502000,0 days 00:00:29.375000,0 days 00:00:19.737000,SOFT,5.0,322.0,245.0,284.0,314.0,True,2.0,31.32894736842105,46.107894736842105,37.69736842105263,1.335526315789474,2024,65.614,16.502,29.375,19.737,3.0
RUS,Mercedes,0 days 00:01:05.585000,0 days 00:00:16.529000,0 days 00:00:29.439000,0 days 00:00:19.617000,SOFT,4.0,319.0,246.0,285.0,317.0,True,5.0,31.32894736842105,46.107894736842105,37.69736842105263,1.335526315789474,2024,65.585,16.529,29.439,19.617,3.0
RUS,Mercedes,0 days 00:01:05.068000,0 days 00:00:16.410000,0 days 00:00:29.106000,0 days 00:00:19.552000,SOFT,2.0,320.0,248.0,286.0,318.0,True,8.0,31.32894736842105,46.107894736842105,37.69736842105263,1.335526315789474,2024,65.068,16.41,29.106,19.552,3.0
RUS,Mercedes,0 days 00:01:05.016000,0 days 00:00:16.393000,0 days 00:00:29.060000,0 days 00:00:19.563000,SOFT,2.0,320.0,245.0,285.0,318.0,True,11.0,31.32894736842105,46.107894736842105,37.69736842105263,1.335526315789474,2024,65.016,16.393,29.06,19.563,3.0
RUS,Mercedes,0 days 00:01:04.954000,0 days 00:00:16.340000,0 days 00:00:29.091000,0 days 00:00:19.523000,SOFT,2.0,319.0,250.0,285.0,318.0,True,14.0,31.32894736842105,46.107894736842105,37.69736842105263,1.335526315789474,2024,64.954,16.34,29.091,19.523,3.0
RUS,Mercedes,0 days 00:01:04.840000,0 days 00:00:16.403000,0 days 00:00:28.882000,0 days 00:00:19.555000,SOFT,2.0,321.0,247.0,286.0,318.0,True,17.0,31.32894736842105,46.107894736842105,37.69736842105263,1.335526315789474,2024,64.84,16.403,28.882,19.555,3.0
PER,Red Bull Racing,0 days 00:01:06.201000,0 days 00:00:16.547000,0 days 00:00:29.748000,0 days 00:00:19.906000,SOFT,5.0,322.0,238.0,285.0,317.0,True,2.0,31.32894736842105,46.107894736842105,37.69736842105263,1.335526315789474,2024,66.201,16.547,29.748,19.906,1.0
PER,Red Bull Racing,0 days 00:01:05.646000,0 days 00:00:16.533000,0 days 00:00:29.477000,0 days 00:00:19.636000,SOFT,2.0,322.0,243.0,287.0,317.0,True,5.0,31.32894736842105,46.107894736842105,37.69736842105263,1.335526315789474,2024,65.646,16.533,29.477,19.636,1.0
PER,Red Bull Racing,0 days 00:01:05.587000,0 days 00:00:16.542000,0 days 00:00:29.354000,0 days 00:00:19.691000,SOFT,2.0,322.0,242.0,286.0,318.0,True,8.0,31.32894736842105,46.107894736842105,37.69736842105263,1.335526315789474,2024,65.587,16.542,29.354,19.691,1.0
PER,Red Bull Racing,0 days 00:01:05.192000,0 days 00:00:16.455000,0 days 00:00:29.249000,0 days 00:00:19.488000,SOFT,2.0,323.0,242.0,282.0,318.0,True,11.0,31.32894736842105,46.107894736842105,37.69736842105263,1.335526315789474,2024,65.192,16.455,29.249,19.488,1.0
PER,Red Bull Racing,0 days 00:01:05.144000,0 days 00:00:16.493000,0 days 00:00:29.054000,0 days 00:00:19.597000,SOFT,2.0,321.0,246.0,284.0,318.0,True,14.0,31.32894736842105,46.107894736842105,37.69736842105263,1.335526315789474,2024,65.144,16.493,29.054,19.597,1.0
PER,Red Bull Racing,0 days 00:01:05.504000,0 days 00:00:16.431000,0 days 00:00:29.374000,0 days 00:00:19.699000,SOFT,5.0,321.0,243.0,285.0,317.0,True,17.0,31.32894736842105,46.107894736842105,37.69736842105263,1.335526315789474,2024,65.504,16.431,29.374,19.699,1.0
PER,Red Bull Racing,0 days 00:01:05.202000,0 days 00:00:16.454000,0 days 00:00:29.153000,0 days 00:00:19.595000,SOFT,5.0,320.0,241.0,286.0,316.0,True,20.0,31.32894736842105,46.107894736842105,37.69736842105263,1.335526315789474,2024,65.202,16.454,29.153,19.595,1.0
NOR,McLaren,0 days 00:01:05.910000,0 days 00:00:16.510000,0 days 00:00:29.579000,0 days 00:00:19.821000,SOFT,5.0,317.0,244.0,284.0,314.0,True,2.0,31.32894736842105,46.107894736842105,37.69736842105263,1.335526315789474,2024,65.91,16.51,29.579,19.821,4.0
NOR,McLaren,0 days 00:01:05.450000,0 days 00:00:16.356000,0 days 00:00:29.369000,0 days 00:00:19.725000,SOFT,2.0,322.0,243.0,281.0,315.0,True,5.0,31.32894736842105,46.107894736842105,37.69736842105263,1.335526315789474,2024,65.45,16.356,29.369,19.725,4.0
NOR,McLaren,0 days 00:01:05.602000,0 days 00:00:16.446000,0 days 00:00:29.432000,0 days 00:00:19.724000,SOFT,5.0,320.0,245.0,286.0,317.0,False,8.0,31.32894736842105,46.107894736842105,37.69736842105263,1.335526315789474,2024,65.602,16.446,29.432,19.724,4.0
NOR,McLaren,0 days 00:01:05.103000,0 days 00:00:16.388000,0 days 00:00:29.194000,0 days 00:00:19.521000,SOFT,2.0,319.0,247.0,284.0,315.0,True,11.0,31.32894736842105,46.107894736842105,37.69736842105263,1.335526315789474,2024,65.103,16.388,29.194,19.521,4.0
NOR,McLaren,0 days 00:01:04.787000,0 days 00:00:16.251000,0 days 00:00:29.033000,0 days 00:00:19.503000,SOFT,2.0,322.0,248.0,285.0,316.0,True,16.0,31.32894736842105,46.107894736842105,37.69736842105263,1.335526315789474,2024,64.787,16.251,29.033,19.503,4.0
NOR,McLaren,0 days 00:01:04.718000,0 days 00:00:16.377000,0 days 00:00:28.847000,0 days 00:00:19.494000,SOFT,2.0,318.0,248.0,283.0,316.0,True,19.0,31.32894736842105,46.107894736842105,37.69736842105263,1.335526315789474,2024,64.718,16.377,28.847,19.494,4.0
HUL,Haas F1 Team,0 days 00:01:06.269000,0 days 00:00:16.583000,0 days 00:00:29.677000,0 days 00:00:20.009000,SOFT,2.0,322.0,244.0,282.0,317.0,True,2.0,31.32894736842105,46.107894736842105,37.69736842105263,1.335526315789474,2024,66.269,16.583,29.677,20.009,10.0
HUL,Haas F1 Team,0 days 00:01:06.068000,0 days 00:00:16.553000,0 days 00:00:29.480000,0 days 00:00:20.035000,SOFT,5.0,321.0,242.0,284.0,319.0,True,5.0,31.32894736842105,46.107894736842105,37.69736842105263,1.335526315789474,2024,66.068,16.553,29.48,20.035,10.0
HUL,Haas F1 Team,0 days 00:01:05.596000,0 days 00:00:16.528000,0 days 00:00:29.263000,0 days 00:00:19.805000,SOFT,2.0,323.0,245.0,286.0,319.0,True,8.0,31.32894736842105,46.107894736842105,37.69736842105263,1.335526315789474,2024,65.596,16.528,29.263,19.805,10.0
HUL,Haas F1 Team,0 days 00:01:05.491000,0 days 00:00:16.374000,0 days 00:00:29.307000,0 days 00:00:19.810000,SOFT,2.0,323.0,242.0,286.0,318.0,True,11.0,31.32894736842105,46.107894736842105,37.69736842105263,1.335526315789474,2024,65.491,16.374,29.307,19.81,10.0
HUL,Haas F1 Team,0 days 00:01:05.262000,0 days 00:00:16.391000,0 days 00:00:29.065000,0 days 00:00:19.806000,SOFT,2.0,322.0,247.0,285.0,318.0,True,14.0,31.32894736842105,46.107894736842105,37.69736842105263,1.335526315789474,2024,65.262,16.391,29.065,19.806,10.0
HUL,Haas F1 Team,0 days 00:01:06.004000,0 days 00:00:16.539000,0 days 00:00:29.401000,0 days 00:00:20.064000,SOFT,5.0,321.0,243.0,285.0,317.0,True,17.0,31.32894736842105,46.107894736842105,37.69736842105263,1.335526315789474,2024,66.004,16.539,29.401,20.064,10.0
HUL,Haas F1 Team,0 days 00:01:05.385000,0 days 00:00:16.420000,0 days 00:00:29.144000,0 days 00:00:19.821000,SOFT,2.0,322.0,244.0,285.0,319.0,True,20.0,31.32894736842105,46.107894736842105,37.69736842105263,1.335526315789474,2024,65.385,16.42,29.144,19.821,10.0
NOR,McLaren,0 days 00:01:04.672000,0 days 00:00:16.434000,0 days 00:00:28.843000,0 days 00:00:19.395000,SOFT,2.0,316.0,250.0,288.0,318.0,True,2.0,27.77386363636364,47.19659090909091,33.89772727272727,1.3943181818181818,2025,64.672,16.434,28.843,19.395,4.0
NOR,McLaren,0 days 00:01:04.877000,0 days 00:00:16.407000,0 days 00:00:28.763000,0 days 00:00:19.707000,SOFT,5.0,314.0,250.0,281.0,318.0,False,5.0,27.77386363636364,47.19659090909091,33.89772727272727,1.3943181818181818,2025,64.877,16.407,28.763,19.707,4.0
NOR,McLaren,0 days 00:01:04.410000,0 days 00:00:16.424000,0 days 00:00:28.623000,0 days 00:00:19.363000,SOFT,2.0,313.0,250.0,287.0,321.0,True,8.0,27.77386363636364,47.19659090909091,33.89772727272727,1.3943181818181818,2025,64.41,16.424,28.623,19.363,4.0
NOR,McLaren,0 days 00:01:05.201000,0 days 00:00:16.360000,0 days 00:00:29.360000,0 days 00:00:19.481000,SOFT,5.0,319.0,249.0,287.0,317.0,False,11.0,27.77386363636364,47.19659090909091,33.89772727272727,1.3943181818181818,2025,65.201,16.36,29.36,19.481,4.0
NOR,McLaren,0 days 00:01:04.268000,0 days 00:00:16.346000,0 days 00:00:28.642000,0 days 00:00:19.280000,SOFT,2.0,316.0,251.0,287.0,322.0,True,14.0,27.77386363636364,47.19659090909091,33.89772727272727,1.3943181818181818,2025,64.268,16.346,28.642,19.28,4.0
NOR,McLaren,0 days 00:01:03.971000,0 days 00:00:16.285000,0 days 00:00:28.436000,0 days 00:00:19.250000,SOFT,2.0,316.0,252.0,286.0,318.0,True,17.0,27.77386363636364,47.19659090909091,33.89772727272727,1.3943181818181818,2025,63.971,16.285,28.436,19.25,4.0
PIA,McLaren,0 days 00:01:05.004000,0 days 00:00:16.454000,0 days 00:00:28.979000,0 days 00:00:19.571000,SOFT,4.0,315.0,248.0,286.0,318.0,True,4.0,27.77386363636364,47.19659090909091,33.89772727272727,1.3943181818181818,2025,65.004,16.454,28.979,19.571,4.0
PIA,McLaren,0 days 00:01:04.966000,0 days 00:00:16.454000,0 days 00:00:28.889000,0 days 00:00:19.623000,SOFT,7.0,314.0,251.0,284.0,320.0,True,7.0,27.77386363636364,47.19659090909091,33.89772727272727,1.3943181818181818,2025,64.966,16.454,28.889,19.623,4.0
PIA,McLaren,0 days 00:01:04.556000,0 days 00:00:16.354000,0 days 00:00:28.694000,0 days 00:00:19.508000,SOFT,2.0,314.0,251.0,286.0,322.0,True,10.0,27.77386363636364,47.19659090909091,33.89772727272727,1.3943181818181818,2025,64.556,16.354,28.694,19.508,4.0
PIA,McLaren,0 days 00:01:04.736000,0 days 00:00:16.309000,0 days 00:00:28.926000,0 days 00:00:19.501000,SOFT,5.0,320.0,251.0,286.0,318.0,False,13.0,27.77386363636364,47.19659090909091,33.89772727272727,1.3943181818181818,2025,64.736,16.309,28.926,19.501,4.0
PIA,McLaren,0 days 00:01:04.554000,0 days 00:00:16.469000,0 days 00:00:28.792000,0 days 00:00:19.293000,SOFT,2.0,315.0,255.0,286.0,321.0,True,16.0,27.77386363636364,47.19659090909091,33.89772727272727,1.3943181818181818,2025,64.554,16.469,28.792,19.293,4.0
VER,Red Bull Racing,0 days 00:01:05.106000,0 days 00:00:16.370000,0 days 00:00:29.123000,0 days 00:00:19.613000,SOFT,2.0,319.0,247.0,285.0,318.0,True,2.0,27.77386363636364,47.19659090909091,33.89772727272727,1.3943181818181818,2025,65.106,16.37,29.123,19.613,1.0
VER,Red Bull Racing,0 days 00:01:05.202000,0 days 00:00:16.407000,0 days 00:00:29.085000,0 days 00:00:19.710000,SOFT,5.0,318.0,245.0,285.0,321.0,False,5.0,27.77386363636364,47.19659090909091,33.89772727272727,1.3943181818181818,2025,65.202,16.407,29.085,19.71,1.0
VER,Red Bull Racing,0 days 00:01:05.103000,0 days 00:00:16.488000,0 days 00:00:29.038000,0 days 00:00:19.577000,SOFT,2.0,314.0,248.0,286.0,320.0,True,8.0,27.77386363636364,47.19659090909091,33.89772727272727,1.3943181818181818,2025,65.103,16.488,29.038,19.577,1.0
VER,Red Bull Racing,0 days 00:01:04.836000,0 days 00:00:16.439000,0 days 00:00:28.901000,0 days 00:00:19.496000,SOFT,2.0,320.0,247.0,287.0,318.0,True,11.0,27.77386363636364,47.19659090909091,33.89772727272727,1.3943181818181818,2025,64.836,16.439,28.901,19.496,1.0
VER,Red Bull Racing,0 days 00:01:04.929000,0 days 00:00:16.496000,0 days 00:00:28.905000,0 days 00:00:19.528000,SOFT,5.0,316.0,249.0,280.0,320.0,True,14.0,27.77386363636364,47.19659090909091,33.89772727272727,1.3943181818181818,2025,64.929,16.496,28.905,19.528,1.0
LEC,Ferrari,0 days 00:01:05.345000,0 days 00:00:16.434000,0 days 00:00:29.181000,0 days 00:00:19.730000,SOFT,2.0,314.0,248.0,288.0,318.0,True,2.0,27.77386363636364,47.19659090909091,33.89772727272727,1.3943181818181818,2025,65.345,16.434,29.181,19.73,2.0
LEC,Ferrari,0 days 00:01:05.197000,0 days 00:00:16.531000,0 days 00:00:29.011000,0 days 00:00:19.655000,SOFT,5.0,315.0,247.0,284.0,320.0,True,5.0,27.77386363636364,47.19659090909091,33.89772727272727,1.3943181818181818,2025,65.197,16.531,29.011,19.655,2.0
LEC,Ferrari,0 days 00:01:05.446000,0 days 00:00:16.617000,0 days 00:00:29.160000,0 days 00:00:19.669000,SOFT,2.0,314.0,247.0,286.0,315.0,True,8.0,27.77386363636364,47.19659090909091,33.89772727272727,1.3943181818181818,2025,65.446,16.617,29.16,19.669,2.0
LEC,Ferrari,0 days 00:01:04.878000,0 days 00:00:16.434000,0 days 00:00:28.907000,0 days 00:00:19.537000,SOFT,2.0,312.0,251.0,286.0,320.0,True,11.0,27.77386363636364,47.19659090909091,33.89772727272727,1.3943181818181818,2025,64.878,16.434,28.907,19.537,2.0
LEC,Ferrari,0 days 00:01:04.734000,0 days 00:00:16.391000,0 days 00:00:28.867000,0 days 00:00:19.476000,SOFT,5.0,318.0,247.0,287.0,317.0,True,14.0,27.77386363636364,47.19659090909091,33.89772727272727,1.3943181818181818,2025,64.734,16.391,28.867,19.476,2.0
LEC,Ferrari,0 days 00:01:04.492000,0 days 00:00:16.371000,0 days 00:00:28.763000,0 days 00:00:19.358000,SOFT,2.0,315.0,249.0,285.0,321.0,True,17.0,27.77386363636364,47.19659090909091,33.89772727272727,1.3943181818181818,2025,64.492,16.371,28.763,19.358,2.0
LEC,Ferrari,0 days 00:01:04.501000,0 days 00:00:16.326000,0 days 00:00:28.725000,0 days 00:00:19.450000,SOFT,2.0,315.0,251.0,285.0,318.0,False,20.0,27.77386363636364,47.19659090909091,33.89772727272727,1.3943181818181818,2025,64.501,16.326,28.725,19.45,2.0
HAM,Ferrari,0 days 00:01:05.115000,0 days 00:00:16.546000,0 days 00:00:28.892000,0 days 00:00:19.677000,SOFT,2.0,314.0,246.0,285.0,319.0,True,2.0,27.77386363636364,47.19659090909091,33.89772727272727,1.3943181818181818,2025,65.115,16.546,28.892,19.677,2.0
HAM,Ferrari,0 days 00:01:05.390000,0 days 00:00:16.587000,0 days 00:00:29.046000,0 days 00:00:19.757000,SOFT,5.0,316.0,243.0,286.0,319.0,False,5.0,27.77386363636364,47.19659090909091,33.89772727272727,1.3943181818181818,2025,65.39,16.587,29.046,19.757,2.0
HAM,Ferrari,0 days 00:01:05.651000,0 days 00:00:16.458000,0 days 00:00:29.400000,0 days 00:00:19.793000,SOFT,2.0,316.0,242.0,284.0,317.0,True,8.0,27.77386363636364,47.19659090909091,33.89772727272727,1.3943181818181818,2025,65.651,16.458,29.4,19.793,2.0
HAM,Ferrari,0 days 00:01:04.896000,0 days 00:00:16.433000,0 days 00:00:28.898000,0 days 00:00:19.565000,SOFT,2.0,314.0,250.0,279.0,321.0,True,11.0,27.77386363636364,47.19659090909091,33.89772727272727,1.3943181818181818,2025,64.896,16.433,28.898,19.565,2.0
HAM,Ferrari,0 days 00:01:04.953000,0 days 00:00:16.387000,0 days 00:00:28.940000,0 days 00:00:19.626000,SOFT,5.0,319.0,246.0,284.0,319.0,False,14.0,27.77386363636364,47.19659090909091,33.89772727272727,1.3943181818181818,2025,64.953,16.387,28.94,19.626,2.0
HAM,Ferrari,0 days 00:01:04.619000,0 days 00:00:16.408000,0 days 00:00:28.769000,0 days 00:00:19.442000,SOFT,2.0,315.0,246.0,285.0,320.0,True,17.0,27.77386363636364,47.19659090909091,33.89772727272727,1.3943181818181818,2025,64.619,16.408,28.769,19.442,2.0
HAM,Ferrari,0 days 00:01:04.582000,0 days 00:00:16.366000,0 days 00:00:28.703000,0 days 00:00:19.513000,SOFT,2.0,316.0,247.0,285.0,319.0,True,20.0,27.77386363636364,47.19659090909091,33.89772727272727,1.3943181818181818,2025,64.582,16.366,28.703,19.513,2.0
RUS,Mercedes,0 days 00:01:05.359000,0 days 00:00:16.447000,0 days 00:00:29.139000,0 days 00:00:19.773000,SOFT,2.0,316.0,246.0,287.0,319.0,True,2.0,27.77386363636364,47.19659090909091,33.89772727272727,1.3943181818181818,2025,65.359,16.447,29.139,19.773,3.0
RUS,Mercedes,0 days 00:01:05.189000,0 days 00:00:16.369000,0 days 00:00:29.315000,0 days 00:00:19.505000,SOFT,2.0,317.0,248.0,287.0,318.0,True,5.0,27.77386363636364,47.19659090909091,33.89772727272727,1.3943181818181818,2025,65.189,16.369,29.315,19.505,3.0
RUS,Mercedes,0 days 00:01:05.382000,0 days 00:00:16.416000,0 days 00:00:29.320000,0 days 00:00:19.646000,SOFT,5.0,312.0,246.0,286.0,320.0,True,8.0,27.77386363636364,47.19659090909091,33.89772727272727,1.3943181818181818,2025,65.382,16.416,29.32,19.646,3.0
RUS,Mercedes,0 days 00:01:04.860000,0 days 00:00:16.310000,0 days 00:00:29.006000,0 days 00:00:19.544000,SOFT,2.0,320.0,247.0,287.0,320.0,True,11.0,27.77386363636364,47.19659090909091,33.89772727272727,1.3943181818181818,2025,64.86,16.31,29.006,19.544,3.0
RUS,Mercedes,0 days 00:01:04.844000,0 days 00:00:16.348000,0 days 00:00:29.002000,0 days 00:00:19.494000,SOFT,5.0,316.0,247.0,285.0,320.0,True,14.0,27.77386363636364,47.19659090909091,33.89772727272727,1.3943181818181818,2025,64.844,16.348,29.002,19.494,3.0
RUS,Mercedes,0 days 00:01:04.763000,0 days 00:00:16.340000,0 days 00:00:28.979000,0 days 00:00:19.444000,SOFT,2.0,317.0,250.0,287.0,319.0,True,17.0,27.77386363636364,47.19659090909091,33.89772727272727,1.3943181818181818,2025,64.763,16.34,28.979,19.444,3.0
ANT,Mercedes,0 days 00:01:05.283000,0 days 00:00:16.467000,0 days 00:00:29.116000,0 days 00:00:19.700000,SOFT,2.0,316.0,250.0,286.0,320.0,True,2.0,27.77386363636364,47.19659090909091,33.89772727272727,1.3943181818181818,2025,65.283,16.467,29.116,19.7,3.0
ANT,Mercedes,0 days 00:01:05.178000,0 days 00:00:16.319000,0 days 00:00:29.115000,0 days 00:00:19.744000,SOFT,5.0,317.0,247.0,284.0,321.0,True,5.0,27.77386363636364,47.19659090909091,33.89772727272727,1.3943181818181818,2025,65.178,16.319,29.115,19.744,3.0
ANT,Mercedes,0 days 00:01:05.688000,0 days 00:00:16.515000,0 days 00:00:29.399000,0 days 00:00:19.774000,SOFT,5.0,313.0,249.0,286.0,320.0,True,8.0,27.77386363636364,47.19659090909091,33.89772727272727,1.3943181818181818,2025,65.688,16.515,29.399,19.774,3.0
ANT,Mercedes,0 days 00:01:05.052000,0 days 00:00:16.338000,0 days 00:00:29.161000,0 days 00:00:19.553000,SOFT,2.0,320.0,247.0,287.0,318.0,True,11.0,27.77386363636364,47.19659090909091,33.89772727272727,1.3943181818181818,2025,65.052,16.338,29.161,19.553,3.0
ANT,Mercedes,0 days 00:01:05.276000,0 days 00:00:16.439000,0 days 00:00:29.177000,0 days 00:00:19.660000,SOFT,5.0,316.0,248.0,286.0,321.0,True,14.0,27.77386363636364,47.19659090909091,33.89772727272727,1.3943181818181818,2025,65.276,16.439,29.177,19.66,3.0
BOR,Kick Sauber,0 days 00:01:05.782000,0 days 00:00:16.650000,0 days 00:00:29.347000,0 days 00:00:19.785000,SOFT,2.0,313.0,244.0,282.0,318.0,True,2.0,27.77386363636364,47.19659090909091,33.89772727272727,1.3943181818181818,2025,65.782,16.65,29.347,19.785,10.0
BOR,Kick Sauber,0 days 00:01:05.273000,0 days 00:00:16.657000,0 days 00:00:28.881000,0 days 00:00:19.735000,SOFT,5.0,315.0,248.0,285.0,318.0,True,5.0,27.77386363636364,47.19659090909091,33.89772727272727,1.3943181818181818,2025,65.273,16.657,28.881,19.735,10.0
BOR,Kick Sauber,0 days 00:01:05.123000,0 days 00:00:16.523000,0 days 00:00:28.960000,0 days 00:00:19.640000,SOFT,2.0,317.0,245.0,284.0,319.0,True,8.0,27.77386363636364,47.19659090909091,33.89772727272727,1.3943181818181818,2025,65.123,16.523,28.96,19.64,10.0
BOR,Kick Sauber,0 days 00:01:06.125000,0 days 00:00:16.652000,0 days 00:00:29.295000,0 days 00:00:20.178000,SOFT,5.0,311.0,243.0,284.0,317.0,True,11.0,27.77386363636364,47.19659090909091,33.89772727272727,1.3943181818181818,2025,66.125,16.652,29.295,20.178,10.0
BOR,Kick Sauber,0 days 00:01:04.846000,0 days 00:00:16.492000,0 days 00:00:28.868000,0 days 00:00:19.486000,SOFT,2.0,318.0,249.0,286.0,318.0,True,14.0,27.77386363636364,47.19659090909091,33.89772727272727,1.3943181818181818,2025,64.846,16.492,28.868,19.486,10.0
BOR,Kick Sauber,0 days 00:01:05.341000,0 days 00:00:16.623000,0 days 00:00:29.030000,0 days 00:00:19.688000,SOFT,5.0,314.0,247.0,283.0,319.0,True,17.0,27.77386363636364,47.19659090909091,33.89772727272727,1.3943181818181818,2025,65.341,16.623,29.03,19.688,10.0
BOR,Kick Sauber,0 days 00:01:05.132000,0 days 00:00:16.613000,0 days 00:00:28.941000,0 days 00:00:19.578000,SOFT,2.0,315.0,248.0,285.0,316.0,True,20.0,27.77386363636364,47.19659090909091,33.89772727272727,1.3943181818181818,2025,65.132,16.613,28.941,19.578,10.0
LAW,Racing Bulls,0 days 00:01:05.400000,0 days 00:00:16.661000,0 days 00:00:29.024000,0 days 00:00:19.715000,SOFT,2.0,311.0,251.0,285.0,315.0,True,2.0,27.77386363636364,47.19659090909091,33.89772727272727,1.3943181818181818,2025,65.4,16.661,29.024,19.715,10.0
LAW,Racing Bulls,0 days 00:01:05.017000,0 days 00:00:16.579000,0 days 00:00:28.839000,0 days 00:00:19.599000,SOFT,2.0,312.0,250.0,285.0,316.0,True,5.0,27.77386363636364,47.19659090909091,33.89772727272727,1.3943181818181818,2025,65.017,16.579,28.839,19.599,10.0
LAW,Racing Bulls,0 days 00:01:05.248000,0 days 00:00:16.531000,0 days 00:00:28.971000,0 days 00:00:19.746000,SOFT,2.0,311.0,248.0,285.0,317.0,True,8.0,27.77386363636364,47.19659090909091,33.89772727272727,1.3943181818181818,2025,65.248,16.531,28.971,19.746,10.0
LAW,Racing Bulls,0 days 00:01:05.041000,0 days 00:00:16.493000,0 days 00:00:29.045000,0 days 00:00:19.503000,SOFT,2.0,317.0,251.0,287.0,315.0,True,11.0,27.77386363636364,47.19659090909091,33.89772727272727,1.3943181818181818,2025,65.041,16.493,29.045,19.503,10.0
LAW,Racing Bulls,0 days 00:01:04.926000,0 days 00:00:16.526000,0 days 00:00:28.839000,0 days 00:00:19.561000,SOFT,2.0,314.0,251.0,285.0,316.0,True,16.0,27.77386363636364,47.19659090909091,33.89772727272727,1.3943181818181818,2025,64.926,16.526,28.839,19.561,10.0
GAS,Alpine,0 days 00:01:06.264000,0 days 00:00:16.741000,0 days 00:00:29.523000,0 days 00:00:20,SOFT,2.0,313.0,233.0,283.0,316.0,True,2.0,27.77386363636364,47.19659090909091,33.89772727272727,1.3943181818181818,2025,66.264,16.741,29.523,20.0,6.0
GAS,Alpine,0 days 00:01:05.292000,0 days 00:00:16.527000,0 days 00:00:29.073000,0 days 00:00:19.692000,SOFT,5.0,315.0,245.0,286.0,317.0,True,5.0,27.77386363636364,47.19659090909091,33.89772727272727,1.3943181818181818,2025,65.292,16.527,29.073,19.692,6.0
GAS,Alpine,0 days 00:01:05.054000,0 days 00:00:16.527000,0 days 00:00:28.909000,0 days 00:00:19.618000,SOFT,2.0,315.0,247.0,287.0,318.0,True,8.0,27.77386363636364,47.19659090909091,33.89772727272727,1.3943181818181818,2025,65.054,16.527,28.909,19.618,6.0
GAS,Alpine,0 days 00:01:05.717000,0 days 00:00:16.629000,0 days 00:00:29.101000,0 days 00:00:19.987000,SOFT,5.0,312.0,242.0,286.0,318.0,True,11.0,27.77386363636364,47.19659090909091,33.89772727272727,1.3943181818181818,2025,65.717,16.629,29.101,19.987,6.0
GAS,Alpine,0 days 00:01:04.846000,0 days 00:00:16.461000,0 days 00:00:28.813000,0 days 00:00:19.572000,SOFT,2.0,317.0,247.0,287.0,317.0,True,14.0,27.77386363636364,47.19659090909091,33.89772727272727,1.3943181818181818,2025,64.846,16.461,28.813,19.572,6.0
GAS,Alpine,0 days 00:01:05.649000,0 days 00:00:16.560000,0 days 00:00:29.314000,0 days 00:00:19.775000,SOFT,5.0,313.0,242.0,285.0,319.0,True,17.0,27.77386363636364,47.19659090909091,33.89772727272727,1.3943181818181818,2025,65.649,16.56,29.314,19.775,6.0
